failure_id,failure_code,failure_name,existing_owner,existing_coverage,missing_evidence,missing_mitigation,missing_test,recommended_owner,integration_class
failure://occlusion and hidden state/hidden_state_reconstruction_hallucination/a01,A01,Hidden-state reconstruction hallucination,lab/compiler/schemas/universal_score.schema.json#continuity + entities + actions; lab/verification,partial,No provider/version repeated-seed CPCS qualification with raw retained outputs; literature/benchmark coverage is task-scoped.,Typed visibility interval/hidden-path contract; failure-specific metrics; repeated-seed occlusion evidence,"Run fixture://a01/minimal_trigger, fixture://a01/paired_control, and fixture://a01/escalated_control across selected provider/version cells.",lab/compiler/schemas/universal_score.schema.json#continuity + entities + actions; lab/verification,contract_affecting;implementation_affecting;verification_affecting
failure://occlusion and hidden state/duplicate_subject_on_reappearance/a02,A02,Duplicate subject on reappearance,lab/compiler/schemas/universal_score.schema.json#continuity + entities + actions; lab/verification,partial,No provider/version repeated-seed CPCS qualification with raw retained outputs; literature/benchmark coverage is task-scoped.,Typed visibility interval/hidden-path contract; failure-specific metrics; repeated-seed occlusion evidence,"Run fixture://a02/minimal_trigger, fixture://a02/paired_control, and fixture://a02/escalated_control across selected provider/version cells.",lab/compiler/schemas/universal_score.schema.json#continuity + entities + actions; lab/verification,contract_affecting;implementation_affecting;verification_affecting
failure://occlusion and hidden state/identity_mutation_behind_occlusion/a03,A03,Identity mutation behind occlusion,lab/compiler/schemas/universal_score.schema.json#continuity + entities + actions; lab/verification,partial,No provider/version repeated-seed CPCS qualification with raw retained outputs; literature/benchmark coverage is task-scoped.,Typed visibility interval/hidden-path contract; failure-specific metrics; repeated-seed occlusion evidence,"Run fixture://a03/minimal_trigger, fixture://a03/paired_control, and fixture://a03/escalated_control across selected provider/version cells.",lab/compiler/schemas/universal_score.schema.json#continuity + entities + actions; lab/verification,contract_affecting;implementation_affecting;verification_affecting
failure://occlusion and hidden state/reappearance_position_discontinuity/a04,A04,Reappearance-position discontinuity,lab/compiler/schemas/universal_score.schema.json#continuity + entities + actions; lab/verification,partial,No provider/version repeated-seed CPCS qualification with raw retained outputs; literature/benchmark coverage is task-scoped.,Typed visibility interval/hidden-path contract; failure-specific metrics; repeated-seed occlusion evidence,"Run fixture://a04/minimal_trigger, fixture://a04/paired_control, and fixture://a04/escalated_control across selected provider/version cells.",lab/compiler/schemas/universal_score.schema.json#continuity + entities + actions; lab/verification,contract_affecting;implementation_affecting;verification_affecting
failure://occlusion and hidden state/subject_occluder_fusion/a05,A05,Subject–occluder fusion,lab/compiler/schemas/universal_score.schema.json#continuity + entities + actions; lab/verification,partial,No provider/version repeated-seed CPCS qualification with raw retained outputs; literature/benchmark coverage is task-scoped.,Typed visibility interval/hidden-path contract; failure-specific metrics; repeated-seed occlusion evidence,"Run fixture://a05/minimal_trigger, fixture://a05/paired_control, and fixture://a05/escalated_control across selected provider/version cells.",lab/compiler/schemas/universal_score.schema.json#continuity + entities + actions; lab/verification,contract_affecting;implementation_affecting;verification_affecting
failure://occlusion and hidden state/submerged_or_hidden_subject_deletion/a06,A06,Submerged or hidden subject deletion,lab/compiler/schemas/universal_score.schema.json#continuity + entities + actions; lab/verification,partial,No provider/version repeated-seed CPCS qualification with raw retained outputs; literature/benchmark coverage is task-scoped.,Typed visibility interval/hidden-path contract; failure-specific metrics; repeated-seed occlusion evidence,"Run fixture://a06/minimal_trigger, fixture://a06/paired_control, and fixture://a06/escalated_control across selected provider/version cells.",lab/compiler/schemas/universal_score.schema.json#continuity + entities + actions; lab/verification,contract_affecting;implementation_affecting;verification_affecting
failure://occlusion and hidden state/visibility_bridge_attachment_loss/a07,A07,Visibility-bridge attachment loss,lab/compiler/schemas/universal_score.schema.json#continuity + entities + actions; lab/verification,partial,No provider/version repeated-seed CPCS qualification with raw retained outputs; literature/benchmark coverage is task-scoped.,Typed visibility interval/hidden-path contract; failure-specific metrics; repeated-seed occlusion evidence,"Run fixture://a07/minimal_trigger, fixture://a07/paired_control, and fixture://a07/escalated_control across selected provider/version cells.",lab/compiler/schemas/universal_score.schema.json#continuity + entities + actions; lab/verification,contract_affecting;implementation_affecting;verification_affecting
failure://object permanence and state/object_disappearance/b01,B01,Object disappearance,lab/compiler/schemas/universal_score.schema.json#continuity + entities + assets + interactions; lab/verification,partial,No provider/version repeated-seed CPCS qualification with raw retained outputs; literature/benchmark coverage is task-scoped.,"State-ledger typing, possession transitions, object-state tests, multi-shot persistence evidence","Run fixture://b01/minimal_trigger, fixture://b01/paired_control, and fixture://b01/escalated_control across selected provider/version cells.",lab/compiler/schemas/universal_score.schema.json#continuity + entities + assets + interactions; lab/verification,contract_affecting;implementation_affecting;verification_affecting
failure://object permanence and state/spontaneous_object_duplication/b02,B02,Spontaneous object duplication,lab/compiler/schemas/universal_score.schema.json#continuity + entities + assets + interactions; lab/verification,partial,No provider/version repeated-seed CPCS qualification with raw retained outputs; literature/benchmark coverage is task-scoped.,"State-ledger typing, possession transitions, object-state tests, multi-shot persistence evidence","Run fixture://b02/minimal_trigger, fixture://b02/paired_control, and fixture://b02/escalated_control across selected provider/version cells.",lab/compiler/schemas/universal_score.schema.json#continuity + entities + assets + interactions; lab/verification,contract_affecting;implementation_affecting;verification_affecting
failure://object permanence and state/prop_replacement/b03,B03,Prop replacement,lab/compiler/schemas/universal_score.schema.json#continuity + entities + assets + interactions; lab/verification,partial,No provider/version repeated-seed CPCS qualification with raw retained outputs; literature/benchmark coverage is task-scoped.,"State-ledger typing, possession transitions, object-state tests, multi-shot persistence evidence","Run fixture://b03/minimal_trigger, fixture://b03/paired_control, and fixture://b03/escalated_control across selected provider/version cells.",lab/compiler/schemas/universal_score.schema.json#continuity + entities + assets + interactions; lab/verification,contract_affecting;implementation_affecting;verification_affecting
failure://object permanence and state/unauthorized_object_state_reset/b04,B04,Unauthorized object-state reset,lab/compiler/schemas/universal_score.schema.json#continuity + entities + assets + interactions; lab/verification,partial,No provider/version repeated-seed CPCS qualification with raw retained outputs; literature/benchmark coverage is task-scoped.,"State-ledger typing, possession transitions, object-state tests, multi-shot persistence evidence","Run fixture://b04/minimal_trigger, fixture://b04/paired_control, and fixture://b04/escalated_control across selected provider/version cells.",lab/compiler/schemas/universal_score.schema.json#continuity + entities + assets + interactions; lab/verification,contract_affecting;implementation_affecting;verification_affecting
failure://object permanence and state/dimension_color_or_material_drift/b05,B05,"Dimension, color, or material drift",lab/compiler/schemas/universal_score.schema.json#continuity + entities + assets + interactions; lab/verification,partial,No provider/version repeated-seed CPCS qualification with raw retained outputs; literature/benchmark coverage is task-scoped.,"State-ledger typing, possession transitions, object-state tests, multi-shot persistence evidence","Run fixture://b05/minimal_trigger, fixture://b05/paired_control, and fixture://b05/escalated_control across selected provider/version cells.",lab/compiler/schemas/universal_score.schema.json#continuity + entities + assets + interactions; lab/verification,contract_affecting;implementation_affecting;verification_affecting
failure://object permanence and state/hand_object_detachment/b06,B06,Hand–object detachment,lab/compiler/schemas/universal_score.schema.json#continuity + entities + assets + interactions; lab/verification,partial,No provider/version repeated-seed CPCS qualification with raw retained outputs; literature/benchmark coverage is task-scoped.,"State-ledger typing, possession transitions, object-state tests, multi-shot persistence evidence","Run fixture://b06/minimal_trigger, fixture://b06/paired_control, and fixture://b06/escalated_control across selected provider/version cells.",lab/compiler/schemas/universal_score.schema.json#continuity + entities + assets + interactions; lab/verification,contract_affecting;implementation_affecting;verification_affecting
failure://object permanence and state/reflection_becomes_a_physical_duplicate/b07,B07,Reflection becomes a physical duplicate,lab/compiler/schemas/universal_score.schema.json#continuity + entities + assets + interactions; lab/verification,partial,No provider/version repeated-seed CPCS qualification with raw retained outputs; literature/benchmark coverage is task-scoped.,"State-ledger typing, possession transitions, object-state tests, multi-shot persistence evidence","Run fixture://b07/minimal_trigger, fixture://b07/paired_control, and fixture://b07/escalated_control across selected provider/version cells.",lab/compiler/schemas/universal_score.schema.json#continuity + entities + assets + interactions; lab/verification,contract_affecting;implementation_affecting;verification_affecting
failure://identity and role/face_body_hair_or_costume_drift/c01,C01,"Face, body, hair, or costume drift",lab/compiler/schemas/universal_score.schema.json#entities + actions + interactions + performance + audio; lab/verification,partial,No provider/version repeated-seed CPCS qualification with raw retained outputs; literature/benchmark coverage is task-scoped.,"Multimodal identity signatures, role-edge typing, nonfacial verification calibration","Run fixture://c01/minimal_trigger, fixture://c01/paired_control, and fixture://c01/escalated_control across selected provider/version cells.",lab/compiler/schemas/universal_score.schema.json#entities + actions + interactions + performance + audio; lab/verification,contract_affecting;implementation_affecting;verification_affecting
failure://identity and role/actor_fusion_during_interaction/c02,C02,Actor fusion during interaction,lab/compiler/schemas/universal_score.schema.json#entities + actions + interactions + performance + audio; lab/verification,partial,No provider/version repeated-seed CPCS qualification with raw retained outputs; literature/benchmark coverage is task-scoped.,"Multimodal identity signatures, role-edge typing, nonfacial verification calibration","Run fixture://c02/minimal_trigger, fixture://c02/paired_control, and fixture://c02/escalated_control across selected provider/version cells.",lab/compiler/schemas/universal_score.schema.json#entities + actions + interactions + performance + audio; lab/verification,contract_affecting;implementation_affecting;verification_affecting
failure://identity and role/actor_duplication_outside_occlusion/c03,C03,Actor duplication outside occlusion,lab/compiler/schemas/universal_score.schema.json#entities + actions + interactions + performance + audio; lab/verification,partial,No provider/version repeated-seed CPCS qualification with raw retained outputs; literature/benchmark coverage is task-scoped.,"Multimodal identity signatures, role-edge typing, nonfacial verification calibration","Run fixture://c03/minimal_trigger, fixture://c03/paired_control, and fixture://c03/escalated_control across selected provider/version cells.",lab/compiler/schemas/universal_score.schema.json#entities + actions + interactions + performance + audio; lab/verification,contract_affecting;implementation_affecting;verification_affecting
failure://identity and role/initiator_target_or_attacker_defender_role_swap/c04,C04,Initiator/target or attacker/defender role swap,lab/compiler/schemas/universal_score.schema.json#entities + actions + interactions + performance + audio; lab/verification,partial,No provider/version repeated-seed CPCS qualification with raw retained outputs; literature/benchmark coverage is task-scoped.,"Multimodal identity signatures, role-edge typing, nonfacial verification calibration","Run fixture://c04/minimal_trigger, fixture://c04/paired_control, and fixture://c04/escalated_control across selected provider/version cells.",lab/compiler/schemas/universal_score.schema.json#entities + actions + interactions + performance + audio; lab/verification,contract_affecting;implementation_affecting;verification_affecting
failure://identity and role/target_assignment_confusion/c05,C05,Target assignment confusion,lab/compiler/schemas/universal_score.schema.json#entities + actions + interactions + performance + audio; lab/verification,partial,No provider/version repeated-seed CPCS qualification with raw retained outputs; literature/benchmark coverage is task-scoped.,"Multimodal identity signatures, role-edge typing, nonfacial verification calibration","Run fixture://c05/minimal_trigger, fixture://c05/paired_control, and fixture://c05/escalated_control across selected provider/version cells.",lab/compiler/schemas/universal_score.schema.json#entities + actions + interactions + performance + audio; lab/verification,contract_affecting;implementation_affecting;verification_affecting
failure://identity and role/screen_side_actor_swap/c06,C06,Screen-side actor swap,lab/compiler/schemas/universal_score.schema.json#entities + actions + interactions + performance + audio; lab/verification,partial,No provider/version repeated-seed CPCS qualification with raw retained outputs; literature/benchmark coverage is task-scoped.,"Multimodal identity signatures, role-edge typing, nonfacial verification calibration","Run fixture://c06/minimal_trigger, fixture://c06/paired_control, and fixture://c06/escalated_control across selected provider/version cells.",lab/compiler/schemas/universal_score.schema.json#entities + actions + interactions + performance + audio; lab/verification,contract_affecting;implementation_affecting;verification_affecting
failure://identity and role/voice_or_mannerism_identity_drift/c07,C07,Voice or mannerism identity drift,lab/compiler/schemas/universal_score.schema.json#entities + actions + interactions + performance + audio; lab/verification,partial,No provider/version repeated-seed CPCS qualification with raw retained outputs; literature/benchmark coverage is task-scoped.,"Multimodal identity signatures, role-edge typing, nonfacial verification calibration","Run fixture://c07/minimal_trigger, fixture://c07/paired_control, and fixture://c07/escalated_control across selected provider/version cells.",lab/compiler/schemas/universal_score.schema.json#entities + actions + interactions + performance + audio; lab/verification,contract_affecting;implementation_affecting;verification_affecting
failure://spatial and screen geography/screen_world_actor_direction_confusion/d01,D01,Screen/world/actor direction confusion,lab/compiler/schemas/universal_score.schema.json#scenes + shots + camera + actions; lab/verification,partial,No provider/version repeated-seed CPCS qualification with raw retained outputs; literature/benchmark coverage is task-scoped.,"Coordinate-frame and state-transition contract, scene map, screen/world transform metrics","Run fixture://d01/minimal_trigger, fixture://d01/paired_control, and fixture://d01/escalated_control across selected provider/version cells.",lab/compiler/schemas/universal_score.schema.json#scenes + shots + camera + actions; lab/verification,contract_affecting;implementation_affecting;verification_affecting
failure://spatial and screen geography/depth_order_inversion/d02,D02,Depth-order inversion,lab/compiler/schemas/universal_score.schema.json#scenes + shots + camera + actions; lab/verification,partial,No provider/version repeated-seed CPCS qualification with raw retained outputs; literature/benchmark coverage is task-scoped.,"Coordinate-frame and state-transition contract, scene map, screen/world transform metrics","Run fixture://d02/minimal_trigger, fixture://d02/paired_control, and fixture://d02/escalated_control across selected provider/version cells.",lab/compiler/schemas/universal_score.schema.json#scenes + shots + camera + actions; lab/verification,contract_affecting;implementation_affecting;verification_affecting
failure://spatial and screen geography/axis_reversal_after_cut_or_orbit/d03,D03,Axis reversal after cut or orbit,lab/compiler/schemas/universal_score.schema.json#scenes + shots + camera + actions; lab/verification,partial,No provider/version repeated-seed CPCS qualification with raw retained outputs; literature/benchmark coverage is task-scoped.,"Coordinate-frame and state-transition contract, scene map, screen/world transform metrics","Run fixture://d03/minimal_trigger, fixture://d03/paired_control, and fixture://d03/escalated_control across selected provider/version cells.",lab/compiler/schemas/universal_score.schema.json#scenes + shots + camera + actions; lab/verification,contract_affecting;implementation_affecting;verification_affecting
failure://spatial and screen geography/entrance_exit_and_off_screen_continuity_mismatch/d04,D04,Entrance/exit and off-screen continuity mismatch,lab/compiler/schemas/universal_score.schema.json#scenes + shots + camera + actions; lab/verification,partial,No provider/version repeated-seed CPCS qualification with raw retained outputs; literature/benchmark coverage is task-scoped.,"Coordinate-frame and state-transition contract, scene map, screen/world transform metrics","Run fixture://d04/minimal_trigger, fixture://d04/paired_control, and fixture://d04/escalated_control across selected provider/version cells.",lab/compiler/schemas/universal_score.schema.json#scenes + shots + camera + actions; lab/verification,contract_affecting;implementation_affecting;verification_affecting
failure://spatial and screen geography/actor_distance_drift/d05,D05,Actor-distance drift,lab/compiler/schemas/universal_score.schema.json#scenes + shots + camera + actions; lab/verification,partial,No provider/version repeated-seed CPCS qualification with raw retained outputs; literature/benchmark coverage is task-scoped.,"Coordinate-frame and state-transition contract, scene map, screen/world transform metrics","Run fixture://d05/minimal_trigger, fixture://d05/paired_control, and fixture://d05/escalated_control across selected provider/version cells.",lab/compiler/schemas/universal_score.schema.json#scenes + shots + camera + actions; lab/verification,contract_affecting;implementation_affecting;verification_affecting
failure://spatial and screen geography/target_region_miss/d06,D06,Target-region miss,lab/compiler/schemas/universal_score.schema.json#scenes + shots + camera + actions; lab/verification,partial,No provider/version repeated-seed CPCS qualification with raw retained outputs; literature/benchmark coverage is task-scoped.,"Coordinate-frame and state-transition contract, scene map, screen/world transform metrics","Run fixture://d06/minimal_trigger, fixture://d06/paired_control, and fixture://d06/escalated_control across selected provider/version cells.",lab/compiler/schemas/universal_score.schema.json#scenes + shots + camera + actions; lab/verification,contract_affecting;implementation_affecting;verification_affecting
failure://temporal action and causality/action_omission/e01,E01,Action omission,lab/compiler/schemas/universal_score.schema.json#beats + actions + interactions + editing + audio; lab/verification,partial,No provider/version repeated-seed CPCS qualification with raw retained outputs; literature/benchmark coverage is task-scoped.,"Typed causal/event dependencies, feasibility/scheduling gate, provider action-density distributions","Run fixture://e01/minimal_trigger, fixture://e01/paired_control, and fixture://e01/escalated_control across selected provider/version cells.",lab/compiler/schemas/universal_score.schema.json#beats + actions + interactions + editing + audio; lab/verification,contract_affecting;implementation_affecting;verification_affecting
failure://temporal action and causality/action_merge_or_compression/e02,E02,Action merge or compression,lab/compiler/schemas/universal_score.schema.json#beats + actions + interactions + editing + audio; lab/verification,partial,No provider/version repeated-seed CPCS qualification with raw retained outputs; literature/benchmark coverage is task-scoped.,"Typed causal/event dependencies, feasibility/scheduling gate, provider action-density distributions","Run fixture://e02/minimal_trigger, fixture://e02/paired_control, and fixture://e02/escalated_control across selected provider/version cells.",lab/compiler/schemas/universal_score.schema.json#beats + actions + interactions + editing + audio; lab/verification,contract_affecting;implementation_affecting;verification_affecting
failure://temporal action and causality/action_repetition_or_invented_filler/e03,E03,Action repetition or invented filler,lab/compiler/schemas/universal_score.schema.json#beats + actions + interactions + editing + audio; lab/verification,partial,No provider/version repeated-seed CPCS qualification with raw retained outputs; literature/benchmark coverage is task-scoped.,"Typed causal/event dependencies, feasibility/scheduling gate, provider action-density distributions","Run fixture://e03/minimal_trigger, fixture://e03/paired_control, and fixture://e03/escalated_control across selected provider/version cells.",lab/compiler/schemas/universal_score.schema.json#beats + actions + interactions + editing + audio; lab/verification,contract_affecting;implementation_affecting;verification_affecting
failure://temporal action and causality/event_order_reversal/e04,E04,Event-order reversal,lab/compiler/schemas/universal_score.schema.json#beats + actions + interactions + editing + audio; lab/verification,partial,No provider/version repeated-seed CPCS qualification with raw retained outputs; literature/benchmark coverage is task-scoped.,"Typed causal/event dependencies, feasibility/scheduling gate, provider action-density distributions","Run fixture://e04/minimal_trigger, fixture://e04/paired_control, and fixture://e04/escalated_control across selected provider/version cells.",lab/compiler/schemas/universal_score.schema.json#beats + actions + interactions + editing + audio; lab/verification,contract_affecting;implementation_affecting;verification_affecting
failure://temporal action and causality/premature_reaction_or_anticipation/e05,E05,Premature reaction or anticipation,lab/compiler/schemas/universal_score.schema.json#beats + actions + interactions + editing + audio; lab/verification,partial,No provider/version repeated-seed CPCS qualification with raw retained outputs; literature/benchmark coverage is task-scoped.,"Typed causal/event dependencies, feasibility/scheduling gate, provider action-density distributions","Run fixture://e05/minimal_trigger, fixture://e05/paired_control, and fixture://e05/escalated_control across selected provider/version cells.",lab/compiler/schemas/universal_score.schema.json#beats + actions + interactions + editing + audio; lab/verification,contract_affecting;implementation_affecting;verification_affecting
failure://temporal action and causality/cause_consequence_decoupling/e06,E06,Cause–consequence decoupling,lab/compiler/schemas/universal_score.schema.json#beats + actions + interactions + editing + audio; lab/verification,partial,No provider/version repeated-seed CPCS qualification with raw retained outputs; literature/benchmark coverage is task-scoped.,"Typed causal/event dependencies, feasibility/scheduling gate, provider action-density distributions","Run fixture://e06/minimal_trigger, fixture://e06/paired_control, and fixture://e06/escalated_control across selected provider/version cells.",lab/compiler/schemas/universal_score.schema.json#beats + actions + interactions + editing + audio; lab/verification,contract_affecting;implementation_affecting;verification_affecting
failure://temporal action and causality/recovery_or_settle_omission/e07,E07,Recovery or settle omission,lab/compiler/schemas/universal_score.schema.json#beats + actions + interactions + editing + audio; lab/verification,partial,No provider/version repeated-seed CPCS qualification with raw retained outputs; literature/benchmark coverage is task-scoped.,"Typed causal/event dependencies, feasibility/scheduling gate, provider action-density distributions","Run fixture://e07/minimal_trigger, fixture://e07/paired_control, and fixture://e07/escalated_control across selected provider/version cells.",lab/compiler/schemas/universal_score.schema.json#beats + actions + interactions + editing + audio; lab/verification,contract_affecting;implementation_affecting;verification_affecting
failure://temporal action and causality/sequential_simultaneous_collapse/e08,E08,Sequential/simultaneous collapse,lab/compiler/schemas/universal_score.schema.json#beats + actions + interactions + editing + audio; lab/verification,partial,No provider/version repeated-seed CPCS qualification with raw retained outputs; literature/benchmark coverage is task-scoped.,"Typed causal/event dependencies, feasibility/scheduling gate, provider action-density distributions","Run fixture://e08/minimal_trigger, fixture://e08/paired_control, and fixture://e08/escalated_control across selected provider/version cells.",lab/compiler/schemas/universal_score.schema.json#beats + actions + interactions + editing + audio; lab/verification,contract_affecting;implementation_affecting;verification_affecting
"failure://contact, balance, and physics/false_or_missing_contact/f01",F01,False or missing contact,lab/compiler/schemas/universal_score.schema.json#motion + interactions + actions + style; lab/verification,partial,No provider/version repeated-seed CPCS qualification with raw retained outputs; literature/benchmark coverage is task-scoped.,"Contact/support/deformation contracts, physics-aware metrics, control/post escalation evidence","Run fixture://f01/minimal_trigger, fixture://f01/paired_control, and fixture://f01/escalated_control across selected provider/version cells.",lab/compiler/schemas/universal_score.schema.json#motion + interactions + actions + style; lab/verification,contract_affecting;implementation_affecting;verification_affecting
"failure://contact, balance, and physics/body_limb_or_object_penetration/f02",F02,"Body, limb, or object penetration",lab/compiler/schemas/universal_score.schema.json#motion + interactions + actions + style; lab/verification,partial,No provider/version repeated-seed CPCS qualification with raw retained outputs; literature/benchmark coverage is task-scoped.,"Contact/support/deformation contracts, physics-aware metrics, control/post escalation evidence","Run fixture://f02/minimal_trigger, fixture://f02/paired_control, and fixture://f02/escalated_control across selected provider/version cells.",lab/compiler/schemas/universal_score.schema.json#motion + interactions + actions + style; lab/verification,contract_affecting;implementation_affecting;verification_affecting
"failure://contact, balance, and physics/foot_skating_or_support_loss/f03",F03,Foot skating or support loss,lab/compiler/schemas/universal_score.schema.json#motion + interactions + actions + style; lab/verification,partial,No provider/version repeated-seed CPCS qualification with raw retained outputs; literature/benchmark coverage is task-scoped.,"Contact/support/deformation contracts, physics-aware metrics, control/post escalation evidence","Run fixture://f03/minimal_trigger, fixture://f03/paired_control, and fixture://f03/escalated_control across selected provider/version cells.",lab/compiler/schemas/universal_score.schema.json#motion + interactions + actions + style; lab/verification,contract_affecting;implementation_affecting;verification_affecting
"failure://contact, balance, and physics/weightless_takeoff_landing_or_recovery/f04",F04,"Weightless takeoff, landing, or recovery",lab/compiler/schemas/universal_score.schema.json#motion + interactions + actions + style; lab/verification,partial,No provider/version repeated-seed CPCS qualification with raw retained outputs; literature/benchmark coverage is task-scoped.,"Contact/support/deformation contracts, physics-aware metrics, control/post escalation evidence","Run fixture://f04/minimal_trigger, fixture://f04/paired_control, and fixture://f04/escalated_control across selected provider/version cells.",lab/compiler/schemas/universal_score.schema.json#motion + interactions + actions + style; lab/verification,contract_affecting;implementation_affecting;verification_affecting
"failure://contact, balance, and physics/momentum_discontinuity/f05",F05,Momentum discontinuity,lab/compiler/schemas/universal_score.schema.json#motion + interactions + actions + style; lab/verification,partial,No provider/version repeated-seed CPCS qualification with raw retained outputs; literature/benchmark coverage is task-scoped.,"Contact/support/deformation contracts, physics-aware metrics, control/post escalation evidence","Run fixture://f05/minimal_trigger, fixture://f05/paired_control, and fixture://f05/escalated_control across selected provider/version cells.",lab/compiler/schemas/universal_score.schema.json#motion + interactions + actions + style; lab/verification,contract_affecting;implementation_affecting;verification_affecting
"failure://contact, balance, and physics/grip_grasp_or_support_failure/f06",F06,"Grip, grasp, or support failure",lab/compiler/schemas/universal_score.schema.json#motion + interactions + actions + style; lab/verification,partial,No provider/version repeated-seed CPCS qualification with raw retained outputs; literature/benchmark coverage is task-scoped.,"Contact/support/deformation contracts, physics-aware metrics, control/post escalation evidence","Run fixture://f06/minimal_trigger, fixture://f06/paired_control, and fixture://f06/escalated_control across selected provider/version cells.",lab/compiler/schemas/universal_score.schema.json#motion + interactions + actions + style; lab/verification,contract_affecting;implementation_affecting;verification_affecting
"failure://contact, balance, and physics/contact_target_or_reaction_mismatch/f07",F07,Contact-target or reaction mismatch,lab/compiler/schemas/universal_score.schema.json#motion + interactions + actions + style; lab/verification,partial,No provider/version repeated-seed CPCS qualification with raw retained outputs; literature/benchmark coverage is task-scoped.,"Contact/support/deformation contracts, physics-aware metrics, control/post escalation evidence","Run fixture://f07/minimal_trigger, fixture://f07/paired_control, and fixture://f07/escalated_control across selected provider/version cells.",lab/compiler/schemas/universal_score.schema.json#motion + interactions + actions + style; lab/verification,contract_affecting;implementation_affecting;verification_affecting
"failure://contact, balance, and physics/scale_center_of_mass_or_body_proportion_instability/f08",F08,"Scale, center-of-mass, or body-proportion instability",lab/compiler/schemas/universal_score.schema.json#motion + interactions + actions + style; lab/verification,partial,No provider/version repeated-seed CPCS qualification with raw retained outputs; literature/benchmark coverage is task-scoped.,"Contact/support/deformation contracts, physics-aware metrics, control/post escalation evidence","Run fixture://f08/minimal_trigger, fixture://f08/paired_control, and fixture://f08/escalated_control across selected provider/version cells.",lab/compiler/schemas/universal_score.schema.json#motion + interactions + actions + style; lab/verification,contract_affecting;implementation_affecting;verification_affecting
"failure://fluid, material, and vfx/splash_without_surface_displacement/g01",G01,Splash without surface displacement,lab/compiler/schemas/universal_score.schema.json#interactions + motion + style + continuity; lab/verification,partial,No provider/version repeated-seed CPCS qualification with raw retained outputs; literature/benchmark coverage is task-scoped.,"Material state/lifecycle contracts, solid-fluid event primitives, simulation/post policies","Run fixture://g01/minimal_trigger, fixture://g01/paired_control, and fixture://g01/escalated_control across selected provider/version cells.",lab/compiler/schemas/universal_score.schema.json#interactions + motion + style + continuity; lab/verification,contract_affecting;implementation_affecting;verification_affecting
"failure://fluid, material, and vfx/fluid_treated_as_a_solid_or_noninteractive_plane/g02",G02,Fluid treated as a solid or noninteractive plane,lab/compiler/schemas/universal_score.schema.json#interactions + motion + style + continuity; lab/verification,partial,No provider/version repeated-seed CPCS qualification with raw retained outputs; literature/benchmark coverage is task-scoped.,"Material state/lifecycle contracts, solid-fluid event primitives, simulation/post policies","Run fixture://g02/minimal_trigger, fixture://g02/paired_control, and fixture://g02/escalated_control across selected provider/version cells.",lab/compiler/schemas/universal_score.schema.json#interactions + motion + style + continuity; lab/verification,contract_affecting;implementation_affecting;verification_affecting
"failure://fluid, material, and vfx/effect_origin_follows_the_wrong_actor_or_location/g03",G03,Effect origin follows the wrong actor or location,lab/compiler/schemas/universal_score.schema.json#interactions + motion + style + continuity; lab/verification,partial,No provider/version repeated-seed CPCS qualification with raw retained outputs; literature/benchmark coverage is task-scoped.,"Material state/lifecycle contracts, solid-fluid event primitives, simulation/post policies","Run fixture://g03/minimal_trigger, fixture://g03/paired_control, and fixture://g03/escalated_control across selected provider/version cells.",lab/compiler/schemas/universal_score.schema.json#interactions + motion + style + continuity; lab/verification,contract_affecting;implementation_affecting;verification_affecting
"failure://fluid, material, and vfx/effect_onset_decay_or_persistence_mismatch/g04",G04,"Effect onset, decay, or persistence mismatch",lab/compiler/schemas/universal_score.schema.json#interactions + motion + style + continuity; lab/verification,partial,No provider/version repeated-seed CPCS qualification with raw retained outputs; literature/benchmark coverage is task-scoped.,"Material state/lifecycle contracts, solid-fluid event primitives, simulation/post policies","Run fixture://g04/minimal_trigger, fixture://g04/paired_control, and fixture://g04/escalated_control across selected provider/version cells.",lab/compiler/schemas/universal_score.schema.json#interactions + motion + style + continuity; lab/verification,contract_affecting;implementation_affecting;verification_affecting
"failure://fluid, material, and vfx/cloth_or_hair_interpenetration_and_attachment_drift/g05",G05,Cloth or hair interpenetration and attachment drift,lab/compiler/schemas/universal_score.schema.json#interactions + motion + style + continuity; lab/verification,partial,No provider/version repeated-seed CPCS qualification with raw retained outputs; literature/benchmark coverage is task-scoped.,"Material state/lifecycle contracts, solid-fluid event primitives, simulation/post policies","Run fixture://g05/minimal_trigger, fixture://g05/paired_control, and fixture://g05/escalated_control across selected provider/version cells.",lab/compiler/schemas/universal_score.schema.json#interactions + motion + style + continuity; lab/verification,contract_affecting;implementation_affecting;verification_affecting
"failure://fluid, material, and vfx/debris_trajectory_or_source_mismatch/g06",G06,Debris trajectory or source mismatch,lab/compiler/schemas/universal_score.schema.json#interactions + motion + style + continuity; lab/verification,partial,No provider/version repeated-seed CPCS qualification with raw retained outputs; literature/benchmark coverage is task-scoped.,"Material state/lifecycle contracts, solid-fluid event primitives, simulation/post policies","Run fixture://g06/minimal_trigger, fixture://g06/paired_control, and fixture://g06/escalated_control across selected provider/version cells.",lab/compiler/schemas/universal_score.schema.json#interactions + motion + style + continuity; lab/verification,contract_affecting;implementation_affecting;verification_affecting
"failure://fluid, material, and vfx/water_level_topology_wetness_or_ripple_state_drift/g07",G07,"Water level, topology, wetness, or ripple-state drift",lab/compiler/schemas/universal_score.schema.json#interactions + motion + style + continuity; lab/verification,partial,No provider/version repeated-seed CPCS qualification with raw retained outputs; literature/benchmark coverage is task-scoped.,"Material state/lifecycle contracts, solid-fluid event primitives, simulation/post policies","Run fixture://g07/minimal_trigger, fixture://g07/paired_control, and fixture://g07/escalated_control across selected provider/version cells.",lab/compiler/schemas/universal_score.schema.json#interactions + motion + style + continuity; lab/verification,contract_affecting;implementation_affecting;verification_affecting
"failure://camera, edit, and anime discontinuity/camera_pan_or_tracking_becomes_actor_world_movement/h01",H01,Camera pan or tracking becomes actor/world movement,lab/compiler/schemas/universal_score.schema.json#camera + editing + style + motion + continuity; lab/verification,partial,No provider/version repeated-seed CPCS qualification with raw retained outputs; literature/benchmark coverage is task-scoped.,"Graphic-vs-world discontinuity typing, camera/actor track separation, recovery-frame metrics","Run fixture://h01/minimal_trigger, fixture://h01/paired_control, and fixture://h01/escalated_control across selected provider/version cells.",lab/compiler/schemas/universal_score.schema.json#camera + editing + style + motion + continuity; lab/verification,contract_affecting;implementation_affecting;verification_affecting
"failure://camera, edit, and anime discontinuity/zoom_lens_change_causes_scale_or_geometry_inconsistency/h02",H02,Zoom/lens change causes scale or geometry inconsistency,lab/compiler/schemas/universal_score.schema.json#camera + editing + style + motion + continuity; lab/verification,partial,No provider/version repeated-seed CPCS qualification with raw retained outputs; literature/benchmark coverage is task-scoped.,"Graphic-vs-world discontinuity typing, camera/actor track separation, recovery-frame metrics","Run fixture://h02/minimal_trigger, fixture://h02/paired_control, and fixture://h02/escalated_control across selected provider/version cells.",lab/compiler/schemas/universal_score.schema.json#camera + editing + style + motion + continuity; lab/verification,contract_affecting;implementation_affecting;verification_affecting
"failure://camera, edit, and anime discontinuity/tilt_whip_orbit_or_shake_induces_teleportation_or_axis_error/h03",H03,"Tilt, whip, orbit, or shake induces teleportation or axis error",lab/compiler/schemas/universal_score.schema.json#camera + editing + style + motion + continuity; lab/verification,partial,No provider/version repeated-seed CPCS qualification with raw retained outputs; literature/benchmark coverage is task-scoped.,"Graphic-vs-world discontinuity typing, camera/actor track separation, recovery-frame metrics","Run fixture://h03/minimal_trigger, fixture://h03/paired_control, and fixture://h03/escalated_control across selected provider/version cells.",lab/compiler/schemas/universal_score.schema.json#camera + editing + style + motion + continuity; lab/verification,contract_affecting;implementation_affecting;verification_affecting
"failure://camera, edit, and anime discontinuity/motion_blur_destroys_identity_or_topology/h04",H04,Motion blur destroys identity or topology,lab/compiler/schemas/universal_score.schema.json#camera + editing + style + motion + continuity; lab/verification,partial,No provider/version repeated-seed CPCS qualification with raw retained outputs; literature/benchmark coverage is task-scoped.,"Graphic-vs-world discontinuity typing, camera/actor track separation, recovery-frame metrics","Run fixture://h04/minimal_trigger, fixture://h04/paired_control, and fixture://h04/escalated_control across selected provider/version cells.",lab/compiler/schemas/universal_score.schema.json#camera + editing + style + motion + continuity; lab/verification,contract_affecting;implementation_affecting;verification_affecting
"failure://camera, edit, and anime discontinuity/flash_wipe_black_frame_or_cut_causes_scene_reset/h05",H05,"Flash, wipe, black frame, or cut causes scene reset",lab/compiler/schemas/universal_score.schema.json#camera + editing + style + motion + continuity; lab/verification,partial,No provider/version repeated-seed CPCS qualification with raw retained outputs; literature/benchmark coverage is task-scoped.,"Graphic-vs-world discontinuity typing, camera/actor track separation, recovery-frame metrics","Run fixture://h05/minimal_trigger, fixture://h05/paired_control, and fixture://h05/escalated_control across selected provider/version cells.",lab/compiler/schemas/universal_score.schema.json#camera + editing + style + motion + continuity; lab/verification,contract_affecting;implementation_affecting;verification_affecting
"failure://camera, edit, and anime discontinuity/smear_or_perspective_deformation_persists_as_anatomy/h06",H06,Smear or perspective deformation persists as anatomy,lab/compiler/schemas/universal_score.schema.json#camera + editing + style + motion + continuity; lab/verification,partial,No provider/version repeated-seed CPCS qualification with raw retained outputs; literature/benchmark coverage is task-scoped.,"Graphic-vs-world discontinuity typing, camera/actor track separation, recovery-frame metrics","Run fixture://h06/minimal_trigger, fixture://h06/paired_control, and fixture://h06/escalated_control across selected provider/version cells.",lab/compiler/schemas/universal_score.schema.json#camera + editing + style + motion + continuity; lab/verification,contract_affecting;implementation_affecting;verification_affecting
"failure://camera, edit, and anime discontinuity/post_effect_anatomy_identity_or_style_recovery_failure/h07",H07,"Post-effect anatomy, identity, or style recovery failure",lab/compiler/schemas/universal_score.schema.json#camera + editing + style + motion + continuity; lab/verification,partial,No provider/version repeated-seed CPCS qualification with raw retained outputs; literature/benchmark coverage is task-scoped.,"Graphic-vs-world discontinuity typing, camera/actor track separation, recovery-frame metrics","Run fixture://h07/minimal_trigger, fixture://h07/paired_control, and fixture://h07/escalated_control across selected provider/version cells.",lab/compiler/schemas/universal_score.schema.json#camera + editing + style + motion + continuity; lab/verification,contract_affecting;implementation_affecting;verification_affecting
failure://prompt and attention budget/constraint_overload/i01,I01,Constraint overload,lab/compiler + lab/FORMAT_CONTROL_MAP.md + provider profiles/adapters,partial,No provider/version repeated-seed CPCS qualification with raw retained outputs; literature/benchmark coverage is task-scoped.,"Attention-budget compiler, generalized provider capabilities, controlled format ablations","Run fixture://i01/minimal_trigger, fixture://i01/paired_control, and fixture://i01/escalated_control across selected provider/version cells.",lab/compiler + lab/FORMAT_CONTROL_MAP.md + provider profiles/adapters,contract_affecting;implementation_affecting;verification_affecting
failure://prompt and attention budget/under_specification_and_hallucinated_filler/i02,I02,Under-specification and hallucinated filler,lab/compiler + lab/FORMAT_CONTROL_MAP.md + provider profiles/adapters,partial,No provider/version repeated-seed CPCS qualification with raw retained outputs; literature/benchmark coverage is task-scoped.,"Attention-budget compiler, generalized provider capabilities, controlled format ablations","Run fixture://i02/minimal_trigger, fixture://i02/paired_control, and fixture://i02/escalated_control across selected provider/version cells.",lab/compiler + lab/FORMAT_CONTROL_MAP.md + provider profiles/adapters,contract_affecting;implementation_affecting;verification_affecting
failure://prompt and attention budget/contradictory_instructions_or_impossible_constraint_set/i03,I03,Contradictory instructions or impossible constraint set,lab/compiler + lab/FORMAT_CONTROL_MAP.md + provider profiles/adapters,partial,No provider/version repeated-seed CPCS qualification with raw retained outputs; literature/benchmark coverage is task-scoped.,"Attention-budget compiler, generalized provider capabilities, controlled format ablations","Run fixture://i03/minimal_trigger, fixture://i03/paired_control, and fixture://i03/escalated_control across selected provider/version cells.",lab/compiler + lab/FORMAT_CONTROL_MAP.md + provider profiles/adapters,contract_affecting;implementation_affecting;verification_affecting
failure://prompt and attention budget/duplicate_format_semantic_competition/i04,I04,Duplicate-format semantic competition,lab/compiler + lab/FORMAT_CONTROL_MAP.md + provider profiles/adapters,partial,No provider/version repeated-seed CPCS qualification with raw retained outputs; literature/benchmark coverage is task-scoped.,"Attention-budget compiler, generalized provider capabilities, controlled format ablations","Run fixture://i04/minimal_trigger, fixture://i04/paired_control, and fixture://i04/escalated_control across selected provider/version cells.",lab/compiler + lab/FORMAT_CONTROL_MAP.md + provider profiles/adapters,contract_affecting;implementation_affecting;verification_affecting
failure://prompt and attention budget/negative_instruction_leakage/i05,I05,Negative-instruction leakage,lab/compiler + lab/FORMAT_CONTROL_MAP.md + provider profiles/adapters,partial,No provider/version repeated-seed CPCS qualification with raw retained outputs; literature/benchmark coverage is task-scoped.,"Attention-budget compiler, generalized provider capabilities, controlled format ablations","Run fixture://i05/minimal_trigger, fixture://i05/paired_control, and fixture://i05/escalated_control across selected provider/version cells.",lab/compiler + lab/FORMAT_CONTROL_MAP.md + provider profiles/adapters,contract_affecting;implementation_affecting;verification_affecting
failure://prompt and attention budget/numeric_precision_illusion/i06,I06,Numeric precision illusion,lab/compiler + lab/FORMAT_CONTROL_MAP.md + provider profiles/adapters,partial,No provider/version repeated-seed CPCS qualification with raw retained outputs; literature/benchmark coverage is task-scoped.,"Attention-budget compiler, generalized provider capabilities, controlled format ablations","Run fixture://i06/minimal_trigger, fixture://i06/paired_control, and fixture://i06/escalated_control across selected provider/version cells.",lab/compiler + lab/FORMAT_CONTROL_MAP.md + provider profiles/adapters,contract_affecting;implementation_affecting;verification_affecting
failure://audio and evaluator/audio_event_lead_or_lag/j01,J01,Audio event lead or lag,lab/compiler/schemas/universal_score.schema.json#audio + verification_requirements; lab/verification,partial,No provider/version repeated-seed CPCS qualification with raw retained outputs; literature/benchmark coverage is task-scoped.,"Audio event ledger, evaluator catalog/calibration, conflict policy, unobservable gates","Run fixture://j01/minimal_trigger, fixture://j01/paired_control, and fixture://j01/escalated_control across selected provider/version cells.",lab/compiler/schemas/universal_score.schema.json#audio + verification_requirements; lab/verification,contract_affecting;implementation_affecting;verification_affecting
failure://audio and evaluator/speech_lip_synchronization_mismatch/j02,J02,Speech–lip synchronization mismatch,lab/compiler/schemas/universal_score.schema.json#audio + verification_requirements; lab/verification,partial,No provider/version repeated-seed CPCS qualification with raw retained outputs; literature/benchmark coverage is task-scoped.,"Audio event ledger, evaluator catalog/calibration, conflict policy, unobservable gates","Run fixture://j02/minimal_trigger, fixture://j02/paired_control, and fixture://j02/escalated_control across selected provider/version cells.",lab/compiler/schemas/universal_score.schema.json#audio + verification_requirements; lab/verification,contract_affecting;implementation_affecting;verification_affecting
failure://audio and evaluator/sound_hallucination_omission_or_wrong_source/j03,J03,"Sound hallucination, omission, or wrong source",lab/compiler/schemas/universal_score.schema.json#audio + verification_requirements; lab/verification,partial,No provider/version repeated-seed CPCS qualification with raw retained outputs; literature/benchmark coverage is task-scoped.,"Audio event ledger, evaluator catalog/calibration, conflict policy, unobservable gates","Run fixture://j03/minimal_trigger, fixture://j03/paired_control, and fixture://j03/escalated_control across selected provider/version cells.",lab/compiler/schemas/universal_score.schema.json#audio + verification_requirements; lab/verification,contract_affecting;implementation_affecting;verification_affecting
failure://audio and evaluator/vlm_misses_fast_action_or_invents_contact/j04,J04,VLM misses fast action or invents contact,lab/compiler/schemas/universal_score.schema.json#audio + verification_requirements; lab/verification,partial,No provider/version repeated-seed CPCS qualification with raw retained outputs; literature/benchmark coverage is task-scoped.,"Audio event ledger, evaluator catalog/calibration, conflict policy, unobservable gates","Run fixture://j04/minimal_trigger, fixture://j04/paired_control, and fixture://j04/escalated_control across selected provider/version cells.",lab/compiler/schemas/universal_score.schema.json#audio + verification_requirements; lab/verification,contract_affecting;implementation_affecting;verification_affecting
failure://audio and evaluator/tracker_identity_swap_or_occlusion_loss/j05,J05,Tracker identity swap or occlusion loss,lab/compiler/schemas/universal_score.schema.json#audio + verification_requirements; lab/verification,partial,No provider/version repeated-seed CPCS qualification with raw retained outputs; literature/benchmark coverage is task-scoped.,"Audio event ledger, evaluator catalog/calibration, conflict policy, unobservable gates","Run fixture://j05/minimal_trigger, fixture://j05/paired_control, and fixture://j05/escalated_control across selected provider/version cells.",lab/compiler/schemas/universal_score.schema.json#audio + verification_requirements; lab/verification,contract_affecting;implementation_affecting;verification_affecting
failure://audio and evaluator/shot_detector_mistakes_flash_black_frame_smear_or_wipe_for_a_cut/j06,J06,"Shot detector mistakes flash, black frame, smear, or wipe for a cut",lab/compiler/schemas/universal_score.schema.json#audio + verification_requirements; lab/verification,partial,No provider/version repeated-seed CPCS qualification with raw retained outputs; literature/benchmark coverage is task-scoped.,"Audio event ledger, evaluator catalog/calibration, conflict policy, unobservable gates","Run fixture://j06/minimal_trigger, fixture://j06/paired_control, and fixture://j06/escalated_control across selected provider/version cells.",lab/compiler/schemas/universal_score.schema.json#audio + verification_requirements; lab/verification,contract_affecting;implementation_affecting;verification_affecting
failure://audio and evaluator/pose_or_segmentation_evaluator_fails_out_of_distribution/j07,J07,Pose or segmentation evaluator fails out of distribution,lab/compiler/schemas/universal_score.schema.json#audio + verification_requirements; lab/verification,partial,No provider/version repeated-seed CPCS qualification with raw retained outputs; literature/benchmark coverage is task-scoped.,"Audio event ledger, evaluator catalog/calibration, conflict policy, unobservable gates","Run fixture://j07/minimal_trigger, fixture://j07/paired_control, and fixture://j07/escalated_control across selected provider/version cells.",lab/compiler/schemas/universal_score.schema.json#audio + verification_requirements; lab/verification,contract_affecting;implementation_affecting;verification_affecting
failure://audio and evaluator/human_rating_ambiguity_or_disagreement/j08,J08,Human rating ambiguity or disagreement,lab/compiler/schemas/universal_score.schema.json#audio + verification_requirements; lab/verification,partial,No provider/version repeated-seed CPCS qualification with raw retained outputs; literature/benchmark coverage is task-scoped.,"Audio event ledger, evaluator catalog/calibration, conflict policy, unobservable gates","Run fixture://j08/minimal_trigger, fixture://j08/paired_control, and fixture://j08/escalated_control across selected provider/version cells.",lab/compiler/schemas/universal_score.schema.json#audio + verification_requirements; lab/verification,contract_affecting;implementation_affecting;verification_affecting
