failure_id,failure_name,existing_owner,existing_coverage,missing_evidence,missing_mitigation,missing_test,recommended_owner,parallel_owner_prohibited
failure://a/hidden_state_reconstruction/1,Hidden-state reconstruction hallucination,lab/compiler universal score continuity/actions; lab/verification assertions; lab/second_brain evidence,partial,No CPCS repeated-seed provider/model/version distribution is recorded for this exact failure fixture.,"Existing canonical owners exist, but the named failure contract and escalation rule are not yet first-class.",fixture://failure/a/hidden_state_reconstruction/v1,continuity + actions + verification,true
failure://a/duplicate_after_occlusion/1,Subject duplication after opaque occlusion,lab/compiler universal score continuity/actions; lab/verification assertions; lab/second_brain evidence,partial,No CPCS repeated-seed provider/model/version distribution is recorded for this exact failure fixture.,"Existing canonical owners exist, but the named failure contract and escalation rule are not yet first-class.",fixture://failure/a/duplicate_after_occlusion/v1,continuity + actions + verification,true
failure://a/identity_rewrite_under_effect/1,Identity rewrite under effect cover,lab/compiler universal score continuity/actions; lab/verification assertions; lab/second_brain evidence,partial,No CPCS repeated-seed provider/model/version distribution is recorded for this exact failure fixture.,"Existing canonical owners exist, but the named failure contract and escalation rule are not yet first-class.",fixture://failure/a/identity_rewrite_under_effect/v1,continuity + actions + verification,true
failure://a/reappearance_region_error/1,Incorrect reappearance region,lab/compiler universal score continuity/actions; lab/verification assertions; lab/second_brain evidence,partial,No CPCS repeated-seed provider/model/version distribution is recorded for this exact failure fixture.,"Existing canonical owners exist, but the named failure contract and escalation rule are not yet first-class.",fixture://failure/a/reappearance_region_error/v1,continuity + actions + verification,true
failure://a/occluder_subject_fusion/1,Occluder-subject fusion,lab/compiler universal score continuity/actions; lab/verification assertions; lab/second_brain evidence,partial,No CPCS repeated-seed provider/model/version distribution is recorded for this exact failure fixture.,"Existing canonical owners exist, but the named failure contract and escalation rule are not yet first-class.",fixture://failure/a/occluder_subject_fusion/v1,continuity + actions + verification,true
failure://a/frame_exit_reentry_reset/1,Frame-exit and re-entry state reset,lab/compiler universal score continuity/actions; lab/verification assertions; lab/second_brain evidence,partial,No CPCS repeated-seed provider/model/version distribution is recorded for this exact failure fixture.,"Existing canonical owners exist, but the named failure contract and escalation rule are not yet first-class.",fixture://failure/a/frame_exit_reentry_reset/v1,continuity + actions + verification,true
failure://b/object_disappearance/1,Persistent object disappearance,lab/compiler entities/continuity/assets; lab/verification state checks,partial,No CPCS repeated-seed provider/model/version distribution is recorded for this exact failure fixture.,"Existing canonical owners exist, but the named failure contract and escalation rule are not yet first-class.",fixture://failure/b/object_disappearance/v1,entities + continuity + verification,true
failure://b/spontaneous_object_creation/1,Spontaneous object creation,lab/compiler entities/continuity/assets; lab/verification state checks,partial,No CPCS repeated-seed provider/model/version distribution is recorded for this exact failure fixture.,"Existing canonical owners exist, but the named failure contract and escalation rule are not yet first-class.",fixture://failure/b/spontaneous_object_creation/v1,entities + continuity + verification,true
failure://b/state_reset/1,Object-state reset,lab/compiler entities/continuity/assets; lab/verification state checks,partial,No CPCS repeated-seed provider/model/version distribution is recorded for this exact failure fixture.,"Existing canonical owners exist, but the named failure contract and escalation rule are not yet first-class.",fixture://failure/b/state_reset/v1,entities + continuity + verification,true
failure://b/size_material_drift/1,"Size, color, or material drift",lab/compiler entities/continuity/assets; lab/verification state checks,partial,No CPCS repeated-seed provider/model/version distribution is recorded for this exact failure fixture.,"Existing canonical owners exist, but the named failure contract and escalation rule are not yet first-class.",fixture://failure/b/size_material_drift/v1,entities + continuity + verification,true
failure://b/hand_object_detachment/1,Hand-object detachment,lab/compiler entities/continuity/assets; lab/verification state checks,partial,No CPCS repeated-seed provider/model/version distribution is recorded for this exact failure fixture.,"Existing canonical owners exist, but the named failure contract and escalation rule are not yet first-class.",fixture://failure/b/hand_object_detachment/v1,entities + continuity + verification,true
failure://b/environment_layout_drift/1,Environmental layout drift,lab/compiler entities/continuity/assets; lab/verification state checks,partial,No CPCS repeated-seed provider/model/version distribution is recorded for this exact failure fixture.,"Existing canonical owners exist, but the named failure contract and escalation rule are not yet first-class.",fixture://failure/b/environment_layout_drift/v1,entities + continuity + verification,true
failure://c/face_costume_drift/1,Face and costume drift,lab/compiler entities/interactions/continuity; lab/verification identity-role checks,partial,No CPCS repeated-seed provider/model/version distribution is recorded for this exact failure fixture.,"Existing canonical owners exist, but the named failure contract and escalation rule are not yet first-class.",fixture://failure/c/face_costume_drift/v1,entities + interactions + continuity + verification,true
failure://c/actor_duplication_fusion/1,Actor duplication or fusion,lab/compiler entities/interactions/continuity; lab/verification identity-role checks,partial,No CPCS repeated-seed provider/model/version distribution is recorded for this exact failure fixture.,"Existing canonical owners exist, but the named failure contract and escalation rule are not yet first-class.",fixture://failure/c/actor_duplication_fusion/v1,entities + interactions + continuity + verification,true
failure://c/role_swap/1,Attacker-defender or speaker-role swap,lab/compiler entities/interactions/continuity; lab/verification identity-role checks,partial,No CPCS repeated-seed provider/model/version distribution is recorded for this exact failure fixture.,"Existing canonical owners exist, but the named failure contract and escalation rule are not yet first-class.",fixture://failure/c/role_swap/v1,entities + interactions + continuity + verification,true
failure://c/screen_side_identity_swap/1,Screen-side identity swap,lab/compiler entities/interactions/continuity; lab/verification identity-role checks,partial,No CPCS repeated-seed provider/model/version distribution is recorded for this exact failure fixture.,"Existing canonical owners exist, but the named failure contract and escalation rule are not yet first-class.",fixture://failure/c/screen_side_identity_swap/v1,entities + interactions + continuity + verification,true
failure://c/target_confusion/1,Action target confusion,lab/compiler entities/interactions/continuity; lab/verification identity-role checks,partial,No CPCS repeated-seed provider/model/version distribution is recorded for this exact failure fixture.,"Existing canonical owners exist, but the named failure contract and escalation rule are not yet first-class.",fixture://failure/c/target_confusion/v1,entities + interactions + continuity + verification,true
failure://c/voice_identity_drift/1,Voice identity drift,lab/compiler entities/interactions/continuity; lab/verification identity-role checks,partial,No CPCS repeated-seed provider/model/version distribution is recorded for this exact failure fixture.,"Existing canonical owners exist, but the named failure contract and escalation rule are not yet first-class.",fixture://failure/c/voice_identity_drift/v1,entities + interactions + continuity + verification,true
failure://d/left_right_frame_confusion/1,"Viewer-, actor-, and world-left confusion",lab/compiler scenes/shots/actions/camera; lab/verification geography checks,partial,No CPCS repeated-seed provider/model/version distribution is recorded for this exact failure fixture.,"Existing canonical owners exist, but the named failure contract and escalation rule are not yet first-class.",fixture://failure/d/left_right_frame_confusion/v1,scenes + shots + actions + camera + verification,true
failure://d/axis_reversal_after_cut/1,Axis reversal after cut,lab/compiler scenes/shots/actions/camera; lab/verification geography checks,partial,No CPCS repeated-seed provider/model/version distribution is recorded for this exact failure fixture.,"Existing canonical owners exist, but the named failure contract and escalation rule are not yet first-class.",fixture://failure/d/axis_reversal_after_cut/v1,scenes + shots + actions + camera + verification,true
failure://d/depth_order_inversion/1,Depth-order inversion,lab/compiler scenes/shots/actions/camera; lab/verification geography checks,partial,No CPCS repeated-seed provider/model/version distribution is recorded for this exact failure fixture.,"Existing canonical owners exist, but the named failure contract and escalation rule are not yet first-class.",fixture://failure/d/depth_order_inversion/v1,scenes + shots + actions + camera + verification,true
failure://d/trajectory_target_miss/1,Trajectory misses target region,lab/compiler scenes/shots/actions/camera; lab/verification geography checks,partial,No CPCS repeated-seed provider/model/version distribution is recorded for this exact failure fixture.,"Existing canonical owners exist, but the named failure contract and escalation rule are not yet first-class.",fixture://failure/d/trajectory_target_miss/v1,scenes + shots + actions + camera + verification,true
failure://d/entrance_exit_mismatch/1,Entrance and exit mismatch,lab/compiler scenes/shots/actions/camera; lab/verification geography checks,partial,No CPCS repeated-seed provider/model/version distribution is recorded for this exact failure fixture.,"Existing canonical owners exist, but the named failure contract and escalation rule are not yet first-class.",fixture://failure/d/entrance_exit_mismatch/v1,scenes + shots + actions + camera + verification,true
failure://d/eyeline_mismatch/1,Eyeline and gaze-target mismatch,lab/compiler scenes/shots/actions/camera; lab/verification geography checks,partial,No CPCS repeated-seed provider/model/version distribution is recorded for this exact failure fixture.,"Existing canonical owners exist, but the named failure contract and escalation rule are not yet first-class.",fixture://failure/d/eyeline_mismatch/v1,scenes + shots + actions + camera + verification,true
failure://e/action_omission/1,Primary action omission,lab/compiler beats/actions/editing; lab/verification event-graph checks,partial,No CPCS repeated-seed provider/model/version distribution is recorded for this exact failure fixture.,"Existing canonical owners exist, but the named failure contract and escalation rule are not yet first-class.",fixture://failure/e/action_omission/v1,beats + actions + editing + verification,true
failure://e/action_merge/1,Sequential actions merged into one gesture,lab/compiler beats/actions/editing; lab/verification event-graph checks,partial,No CPCS repeated-seed provider/model/version distribution is recorded for this exact failure fixture.,"Existing canonical owners exist, but the named failure contract and escalation rule are not yet first-class.",fixture://failure/e/action_merge/v1,beats + actions + editing + verification,true
failure://e/action_repeat/1,Unrequested action repetition,lab/compiler beats/actions/editing; lab/verification event-graph checks,partial,No CPCS repeated-seed provider/model/version distribution is recorded for this exact failure fixture.,"Existing canonical owners exist, but the named failure contract and escalation rule are not yet first-class.",fixture://failure/e/action_repeat/v1,beats + actions + editing + verification,true
failure://e/event_order_reversal/1,Event-order reversal,lab/compiler beats/actions/editing; lab/verification event-graph checks,partial,No CPCS repeated-seed provider/model/version distribution is recorded for this exact failure fixture.,"Existing canonical owners exist, but the named failure contract and escalation rule are not yet first-class.",fixture://failure/e/event_order_reversal/v1,beats + actions + editing + verification,true
failure://e/recovery_omission/1,Recovery or settle omission,lab/compiler beats/actions/editing; lab/verification event-graph checks,partial,No CPCS repeated-seed provider/model/version distribution is recorded for this exact failure fixture.,"Existing canonical owners exist, but the named failure contract and escalation rule are not yet first-class.",fixture://failure/e/recovery_omission/v1,beats + actions + editing + verification,true
failure://e/simultaneity_collapse/1,Sequential events become simultaneous,lab/compiler beats/actions/editing; lab/verification event-graph checks,partial,No CPCS repeated-seed provider/model/version distribution is recorded for this exact failure fixture.,"Existing canonical owners exist, but the named failure contract and escalation rule are not yet first-class.",fixture://failure/e/simultaneity_collapse/v1,beats + actions + editing + verification,true
failure://f/effect_before_cause/1,Effect occurs before cause,lab/compiler actions/interactions/audio; lab/verification causal assertions,partial,No CPCS repeated-seed provider/model/version distribution is recorded for this exact failure fixture.,"Existing canonical owners exist, but the named failure contract and escalation rule are not yet first-class.",fixture://failure/f/effect_before_cause/v1,actions + interactions + effects + verification,true
failure://f/effect_without_cause/1,Effect without a valid cause,lab/compiler actions/interactions/audio; lab/verification causal assertions,partial,No CPCS repeated-seed provider/model/version distribution is recorded for this exact failure fixture.,"Existing canonical owners exist, but the named failure contract and escalation rule are not yet first-class.",fixture://failure/f/effect_without_cause/v1,actions + interactions + effects + verification,true
failure://f/wrong_effect_origin/1,Effect originates at the wrong location,lab/compiler actions/interactions/audio; lab/verification causal assertions,partial,No CPCS repeated-seed provider/model/version distribution is recorded for this exact failure fixture.,"Existing canonical owners exist, but the named failure contract and escalation rule are not yet first-class.",fixture://failure/f/wrong_effect_origin/v1,actions + interactions + effects + verification,true
failure://f/wrong_reactor/1,Wrong actor reacts,lab/compiler actions/interactions/audio; lab/verification causal assertions,partial,No CPCS repeated-seed provider/model/version distribution is recorded for this exact failure fixture.,"Existing canonical owners exist, but the named failure contract and escalation rule are not yet first-class.",fixture://failure/f/wrong_reactor/v1,actions + interactions + effects + verification,true
failure://f/reaction_latency_error/1,Reaction latency error,lab/compiler actions/interactions/audio; lab/verification causal assertions,partial,No CPCS repeated-seed provider/model/version distribution is recorded for this exact failure fixture.,"Existing canonical owners exist, but the named failure contract and escalation rule are not yet first-class.",fixture://failure/f/reaction_latency_error/v1,actions + interactions + effects + verification,true
failure://f/secondary_effect_chain_break/1,Secondary-effect chain break,lab/compiler actions/interactions/audio; lab/verification causal assertions,partial,No CPCS repeated-seed provider/model/version distribution is recorded for this exact failure fixture.,"Existing canonical owners exist, but the named failure contract and escalation rule are not yet first-class.",fixture://failure/f/secondary_effect_chain_break/v1,actions + interactions + effects + verification,true
failure://g/false_contact/1,False contact,lab/compiler interactions/motion/camera; lab/verification measured/human lanes,partial,No CPCS repeated-seed provider/model/version distribution is recorded for this exact failure fixture.,"Existing canonical owners exist, but the named failure contract and escalation rule are not yet first-class.",fixture://failure/g/false_contact/v1,interactions + motion + camera + verification,true
failure://g/missing_contact/1,Missing required contact,lab/compiler interactions/motion/camera; lab/verification measured/human lanes,partial,No CPCS repeated-seed provider/model/version distribution is recorded for this exact failure fixture.,"Existing canonical owners exist, but the named failure contract and escalation rule are not yet first-class.",fixture://failure/g/missing_contact/v1,interactions + motion + camera + verification,true
failure://g/body_penetration/1,Body or limb penetration,lab/compiler interactions/motion/camera; lab/verification measured/human lanes,partial,No CPCS repeated-seed provider/model/version distribution is recorded for this exact failure fixture.,"Existing canonical owners exist, but the named failure contract and escalation rule are not yet first-class.",fixture://failure/g/body_penetration/v1,interactions + motion + camera + verification,true
failure://g/grip_drift/1,Grip and support drift,lab/compiler interactions/motion/camera; lab/verification measured/human lanes,partial,No CPCS repeated-seed provider/model/version distribution is recorded for this exact failure fixture.,"Existing canonical owners exist, but the named failure contract and escalation rule are not yet first-class.",fixture://failure/g/grip_drift/v1,interactions + motion + camera + verification,true
failure://g/wrong_contact_target/1,Incorrect contact body part or region,lab/compiler interactions/motion/camera; lab/verification measured/human lanes,partial,No CPCS repeated-seed provider/model/version distribution is recorded for this exact failure fixture.,"Existing canonical owners exist, but the named failure contract and escalation rule are not yet first-class.",fixture://failure/g/wrong_contact_target/v1,interactions + motion + camera + verification,true
failure://g/interaction_distance_drift/1,Interaction-distance drift,lab/compiler interactions/motion/camera; lab/verification measured/human lanes,partial,No CPCS repeated-seed provider/model/version distribution is recorded for this exact failure fixture.,"Existing canonical owners exist, but the named failure contract and escalation rule are not yet first-class.",fixture://failure/g/interaction_distance_drift/v1,interactions + motion + camera + verification,true
failure://h/foot_skating/1,Foot skating,lab/compiler motion/interactions; lab/verification support/momentum metrics,partial,No CPCS repeated-seed provider/model/version distribution is recorded for this exact failure fixture.,"Existing canonical owners exist, but the named failure contract and escalation rule are not yet first-class.",fixture://failure/h/foot_skating/v1,motion + interactions + verification,true
failure://h/missing_support/1,Missing support foot or base of support,lab/compiler motion/interactions; lab/verification support/momentum metrics,partial,No CPCS repeated-seed provider/model/version distribution is recorded for this exact failure fixture.,"Existing canonical owners exist, but the named failure contract and escalation rule are not yet first-class.",fixture://failure/h/missing_support/v1,motion + interactions + verification,true
failure://h/weightless_takeoff_landing/1,Weightless takeoff or landing,lab/compiler motion/interactions; lab/verification support/momentum metrics,partial,No CPCS repeated-seed provider/model/version distribution is recorded for this exact failure fixture.,"Existing canonical owners exist, but the named failure contract and escalation rule are not yet first-class.",fixture://failure/h/weightless_takeoff_landing/v1,motion + interactions + verification,true
failure://h/momentum_discontinuity/1,Momentum disappearance or reversal,lab/compiler motion/interactions; lab/verification support/momentum metrics,partial,No CPCS repeated-seed provider/model/version distribution is recorded for this exact failure fixture.,"Existing canonical owners exist, but the named failure contract and escalation rule are not yet first-class.",fixture://failure/h/momentum_discontinuity/v1,motion + interactions + verification,true
failure://h/constant_speed_motion/1,Constant-speed motion without acceleration profile,lab/compiler motion/interactions; lab/verification support/momentum metrics,partial,No CPCS repeated-seed provider/model/version distribution is recorded for this exact failure fixture.,"Existing canonical owners exist, but the named failure contract and escalation rule are not yet first-class.",fixture://failure/h/constant_speed_motion/v1,motion + interactions + verification,true
failure://h/impossible_recovery/1,Impossible recovery or balance regain,lab/compiler motion/interactions; lab/verification support/momentum metrics,partial,No CPCS repeated-seed provider/model/version distribution is recorded for this exact failure fixture.,"Existing canonical owners exist, but the named failure contract and escalation rule are not yet first-class.",fixture://failure/h/impossible_recovery/v1,motion + interactions + verification,true
failure://i/solid_fluid_boundary_error/1,Solid-fluid boundary error,lab/compiler interactions/style/continuity; lab/verification material-response checks,partial,No CPCS repeated-seed provider/model/version distribution is recorded for this exact failure fixture.,"Existing canonical owners exist, but the named failure contract and escalation rule are not yet first-class.",fixture://failure/i/solid_fluid_boundary_error/v1,interactions + style + continuity + verification,true
failure://i/splash_before_displacement/1,Splash before displacement,lab/compiler interactions/style/continuity; lab/verification material-response checks,partial,No CPCS repeated-seed provider/model/version distribution is recorded for this exact failure fixture.,"Existing canonical owners exist, but the named failure contract and escalation rule are not yet first-class.",fixture://failure/i/splash_before_displacement/v1,interactions + style + continuity + verification,true
failure://i/splash_origin_drift/1,Splash or water column follows the actor,lab/compiler interactions/style/continuity; lab/verification material-response checks,partial,No CPCS repeated-seed provider/model/version distribution is recorded for this exact failure fixture.,"Existing canonical owners exist, but the named failure contract and escalation rule are not yet first-class.",fixture://failure/i/splash_origin_drift/v1,interactions + style + continuity + verification,true
failure://i/submerged_subject_disappearance/1,Submerged subject disappearance,lab/compiler interactions/style/continuity; lab/verification material-response checks,partial,No CPCS repeated-seed provider/model/version distribution is recorded for this exact failure fixture.,"Existing canonical owners exist, but the named failure contract and escalation rule are not yet first-class.",fixture://failure/i/submerged_subject_disappearance/v1,interactions + style + continuity + verification,true
failure://i/material_effect_anatomy_spawn/1,Material effect spawns anatomy or duplicate faces,lab/compiler interactions/style/continuity; lab/verification material-response checks,partial,No CPCS repeated-seed provider/model/version distribution is recorded for this exact failure fixture.,"Existing canonical owners exist, but the named failure contract and escalation rule are not yet first-class.",fixture://failure/i/material_effect_anatomy_spawn/v1,interactions + style + continuity + verification,true
failure://i/environment_material_state_drift/1,Material topology or persistence drift,lab/compiler interactions/style/continuity; lab/verification material-response checks,partial,No CPCS repeated-seed provider/model/version distribution is recorded for this exact failure fixture.,"Existing canonical owners exist, but the named failure contract and escalation rule are not yet first-class.",fixture://failure/i/environment_material_state_drift/v1,interactions + style + continuity + verification,true
failure://j/pan_becomes_actor_motion/1,Camera pan becomes actor translation,lab/compiler camera/motion/shots; lab/verification camera/actor separation,partial,No CPCS repeated-seed provider/model/version distribution is recorded for this exact failure fixture.,"Existing canonical owners exist, but the named failure contract and escalation rule are not yet first-class.",fixture://failure/j/pan_becomes_actor_motion/v1,camera + motion + shots + verification,true
failure://j/tracking_freezes_locomotion/1,Tracking shot freezes actor locomotion,lab/compiler camera/motion/shots; lab/verification camera/actor separation,partial,No CPCS repeated-seed provider/model/version distribution is recorded for this exact failure fixture.,"Existing canonical owners exist, but the named failure contract and escalation rule are not yet first-class.",fixture://failure/j/tracking_freezes_locomotion/v1,camera + motion + shots + verification,true
failure://j/orbit_reverses_screen_direction/1,Orbit reverses screen direction,lab/compiler camera/motion/shots; lab/verification camera/actor separation,partial,No CPCS repeated-seed provider/model/version distribution is recorded for this exact failure fixture.,"Existing canonical owners exist, but the named failure contract and escalation rule are not yet first-class.",fixture://failure/j/orbit_reverses_screen_direction/v1,camera + motion + shots + verification,true
failure://j/zoom_dolly_confusion/1,Zoom and dolly confusion,lab/compiler camera/motion/shots; lab/verification camera/actor separation,partial,No CPCS repeated-seed provider/model/version distribution is recorded for this exact failure fixture.,"Existing canonical owners exist, but the named failure contract and escalation rule are not yet first-class.",fixture://failure/j/zoom_dolly_confusion/v1,camera + motion + shots + verification,true
failure://j/impact_shake_deforms_subject/1,Impact shake deforms or teleports subjects,lab/compiler camera/motion/shots; lab/verification camera/actor separation,partial,No CPCS repeated-seed provider/model/version distribution is recorded for this exact failure fixture.,"Existing canonical owners exist, but the named failure contract and escalation rule are not yet first-class.",fixture://failure/j/impact_shake_deforms_subject/v1,camera + motion + shots + verification,true
failure://j/motion_blur_identity_loss/1,Motion blur destroys identity and geometry,lab/compiler camera/motion/shots; lab/verification camera/actor separation,partial,No CPCS repeated-seed provider/model/version distribution is recorded for this exact failure fixture.,"Existing canonical owners exist, but the named failure contract and escalation rule are not yet first-class.",fixture://failure/j/motion_blur_identity_loss/v1,camera + motion + shots + verification,true
failure://k/flash_misread_as_cut/1,Impact flash misread as a camera cut,lab/compiler editing/continuity/style; lab/verification cut/effect classification,partial,No CPCS repeated-seed provider/model/version distribution is recorded for this exact failure fixture.,"Existing canonical owners exist, but the named failure contract and escalation rule are not yet first-class.",fixture://failure/k/flash_misread_as_cut/v1,editing + continuity + style + verification,true
failure://k/smoke_splash_wipe_scene_reset/1,Effect wipe causes scene reset,lab/compiler editing/continuity/style; lab/verification cut/effect classification,partial,No CPCS repeated-seed provider/model/version distribution is recorded for this exact failure fixture.,"Existing canonical owners exist, but the named failure contract and escalation rule are not yet first-class.",fixture://failure/k/smoke_splash_wipe_scene_reset/v1,editing + continuity + style + verification,true
failure://k/hard_cut_state_reset/1,Hard cut resets world state,lab/compiler editing/continuity/style; lab/verification cut/effect classification,partial,No CPCS repeated-seed provider/model/version distribution is recorded for this exact failure fixture.,"Existing canonical owners exist, but the named failure contract and escalation rule are not yet first-class.",fixture://failure/k/hard_cut_state_reset/v1,editing + continuity + style + verification,true
failure://k/whip_pan_teleport/1,Whip-pan teleport,lab/compiler editing/continuity/style; lab/verification cut/effect classification,partial,No CPCS repeated-seed provider/model/version distribution is recorded for this exact failure fixture.,"Existing canonical owners exist, but the named failure contract and escalation rule are not yet first-class.",fixture://failure/k/whip_pan_teleport/v1,editing + continuity + style + verification,true
failure://k/transformation_burst_unintended_redesign/1,Transformation burst redesigns forbidden attributes,lab/compiler editing/continuity/style; lab/verification cut/effect classification,partial,No CPCS repeated-seed provider/model/version distribution is recorded for this exact failure fixture.,"Existing canonical owners exist, but the named failure contract and escalation rule are not yet first-class.",fixture://failure/k/transformation_burst_unintended_redesign/v1,editing + continuity + style + verification,true
failure://k/multi_shot_temporal_jump/1,Multi-shot temporal jump or duplicate beat,lab/compiler editing/continuity/style; lab/verification cut/effect classification,partial,No CPCS repeated-seed provider/model/version distribution is recorded for this exact failure fixture.,"Existing canonical owners exist, but the named failure contract and escalation rule are not yet first-class.",fixture://failure/k/multi_shot_temporal_jump/v1,editing + continuity + style + verification,true
failure://l/extra_missing_limbs/1,Extra or missing limbs,lab/compiler motion/style/performance; lab/verification recovery assertions,partial,No CPCS repeated-seed provider/model/version distribution is recorded for this exact failure fixture.,"Existing canonical owners exist, but the named failure contract and escalation rule are not yet first-class.",fixture://failure/l/extra_missing_limbs/v1,motion + style + performance + verification,true
failure://l/joint_inversion/1,Joint inversion or impossible articulation,lab/compiler motion/style/performance; lab/verification recovery assertions,partial,No CPCS repeated-seed provider/model/version distribution is recorded for this exact failure fixture.,"Existing canonical owners exist, but the named failure contract and escalation rule are not yet first-class.",fixture://failure/l/joint_inversion/v1,motion + style + performance + verification,true
failure://l/persistent_smear_anatomy/1,Smear deformation persists beyond the accent,lab/compiler motion/style/performance; lab/verification recovery assertions,partial,No CPCS repeated-seed provider/model/version distribution is recorded for this exact failure fixture.,"Existing canonical owners exist, but the named failure contract and escalation rule are not yet first-class.",fixture://failure/l/persistent_smear_anatomy/v1,motion + style + performance + verification,true
failure://l/perspective_deformation_persists/1,Perspective enlargement persists,lab/compiler motion/style/performance; lab/verification recovery assertions,partial,No CPCS repeated-seed provider/model/version distribution is recorded for this exact failure fixture.,"Existing canonical owners exist, but the named failure contract and escalation rule are not yet first-class.",fixture://failure/l/perspective_deformation_persists/v1,motion + style + performance + verification,true
failure://l/failed_anatomy_reconnection/1,Failed anatomy reconnection after occlusion,lab/compiler motion/style/performance; lab/verification recovery assertions,partial,No CPCS repeated-seed provider/model/version distribution is recorded for this exact failure fixture.,"Existing canonical owners exist, but the named failure contract and escalation rule are not yet first-class.",fixture://failure/l/failed_anatomy_reconnection/v1,motion + style + performance + verification,true
failure://l/stylization_readability_loss/1,Stylization destroys action readability,lab/compiler motion/style/performance; lab/verification recovery assertions,partial,No CPCS repeated-seed provider/model/version distribution is recorded for this exact failure fixture.,"Existing canonical owners exist, but the named failure contract and escalation rule are not yet first-class.",fixture://failure/l/stylization_readability_loss/v1,motion + style + performance + verification,true
failure://m/structured_format_not_parsed/1,Structured serialization treated as ordinary text,lab/compiler provider build and adapter; lab/experiments format arms,partial,No CPCS repeated-seed provider/model/version distribution is recorded for this exact failure fixture.,Compiler has authority/loss surfaces but lacks calibrated provider-specific attention and complexity limits.,fixture://failure/m/structured_format_not_parsed/v1,compiler + provider adapter + experiment registry,true
failure://m/duplicate_representation_attention_collision/1,Duplicate-format attention collision,lab/compiler provider build and adapter; lab/experiments format arms,partial,No CPCS repeated-seed provider/model/version distribution is recorded for this exact failure fixture.,Compiler has authority/loss surfaces but lacks calibrated provider-specific attention and complexity limits.,fixture://failure/m/duplicate_representation_attention_collision/v1,compiler + provider adapter + experiment registry,true
failure://m/numeric_control_ignored/1,Exact numeric values ignored or approximated,lab/compiler provider build and adapter; lab/experiments format arms,partial,No CPCS repeated-seed provider/model/version distribution is recorded for this exact failure fixture.,Compiler has authority/loss surfaces but lacks calibrated provider-specific attention and complexity limits.,fixture://failure/m/numeric_control_ignored/v1,compiler + provider adapter + experiment registry,true
failure://m/negative_prompt_concept_priming/1,Negative instruction introduces or preserves forbidden content,lab/compiler provider build and adapter; lab/experiments format arms,partial,No CPCS repeated-seed provider/model/version distribution is recorded for this exact failure fixture.,Compiler has authority/loss surfaces but lacks calibrated provider-specific attention and complexity limits.,fixture://failure/m/negative_prompt_concept_priming/v1,compiler + provider adapter + experiment registry,true
failure://m/prompt_rewrite_semantic_loss/1,Provider prompt rewriting changes canonical intent,lab/compiler provider build and adapter; lab/experiments format arms,partial,No CPCS repeated-seed provider/model/version distribution is recorded for this exact failure fixture.,Compiler has authority/loss surfaces but lacks calibrated provider-specific attention and complexity limits.,fixture://failure/m/prompt_rewrite_semantic_loss/v1,compiler + provider adapter + experiment registry,true
failure://m/prompt_budget_truncation/1,Prompt-budget overflow or truncation,lab/compiler provider build and adapter; lab/experiments format arms,partial,No CPCS repeated-seed provider/model/version distribution is recorded for this exact failure fixture.,Compiler has authority/loss surfaces but lacks calibrated provider-specific attention and complexity limits.,fixture://failure/m/prompt_budget_truncation/v1,compiler + provider adapter + experiment registry,true
failure://n/overconstraint_priority_dilution/1,Overconstraint and priority dilution,lab/compiler constraints/warnings/loss report; shot planner; lab/experiments capacity staircases,partial,No CPCS repeated-seed provider/model/version distribution is recorded for this exact failure fixture.,Compiler has authority/loss surfaces but lacks calibrated provider-specific attention and complexity limits.,fixture://failure/n/overconstraint_priority_dilution/v1,compiler + loss report + shot planner,true
failure://n/under_specified_filler/1,Under-specified filler action,lab/compiler constraints/warnings/loss report; shot planner; lab/experiments capacity staircases,partial,No CPCS repeated-seed provider/model/version distribution is recorded for this exact failure fixture.,Compiler has authority/loss surfaces but lacks calibrated provider-specific attention and complexity limits.,fixture://failure/n/under_specified_filler/v1,compiler + loss report + shot planner,true
failure://n/contradictory_constraints/1,Contradictory canonical constraints,lab/compiler constraints/warnings/loss report; shot planner; lab/experiments capacity staircases,partial,No CPCS repeated-seed provider/model/version distribution is recorded for this exact failure fixture.,Compiler has authority/loss surfaces but lacks calibrated provider-specific attention and complexity limits.,fixture://failure/n/contradictory_constraints/v1,compiler + loss report + shot planner,true
failure://n/action_density_overflow/1,Action-density overflow,lab/compiler constraints/warnings/loss report; shot planner; lab/experiments capacity staircases,partial,No CPCS repeated-seed provider/model/version distribution is recorded for this exact failure fixture.,Compiler has authority/loss surfaces but lacks calibrated provider-specific attention and complexity limits.,fixture://failure/n/action_density_overflow/v1,compiler + loss report + shot planner,true
failure://n/multi_actor_complexity_overflow/1,Multi-actor interaction overload,lab/compiler constraints/warnings/loss report; shot planner; lab/experiments capacity staircases,partial,No CPCS repeated-seed provider/model/version distribution is recorded for this exact failure fixture.,Compiler has authority/loss surfaces but lacks calibrated provider-specific attention and complexity limits.,fixture://failure/n/multi_actor_complexity_overflow/v1,compiler + loss report + shot planner,true
failure://n/camera_effect_choreography_overflow/1,"Camera, VFX, and choreography overload",lab/compiler constraints/warnings/loss report; shot planner; lab/experiments capacity staircases,partial,No CPCS repeated-seed provider/model/version distribution is recorded for this exact failure fixture.,Compiler has authority/loss surfaces but lacks calibrated provider-specific attention and complexity limits.,fixture://failure/n/camera_effect_choreography_overflow/v1,compiler + loss report + shot planner,true
failure://o/impact_sound_offset/1,Impact sound temporal offset,lab/compiler audio/actions/beats; lab/verification AV anchors,partial,No CPCS repeated-seed provider/model/version distribution is recorded for this exact failure fixture.,"Existing canonical owners exist, but the named failure contract and escalation rule are not yet first-class.",fixture://failure/o/impact_sound_offset/v1,audio + actions + verification,true
failure://o/lip_speech_mismatch/1,Lip-speech mismatch,lab/compiler audio/actions/beats; lab/verification AV anchors,partial,No CPCS repeated-seed provider/model/version distribution is recorded for this exact failure fixture.,"Existing canonical owners exist, but the named failure contract and escalation rule are not yet first-class.",fixture://failure/o/lip_speech_mismatch/v1,audio + actions + verification,true
failure://o/sound_without_visual_cause/1,Sound without visual cause,lab/compiler audio/actions/beats; lab/verification AV anchors,partial,No CPCS repeated-seed provider/model/version distribution is recorded for this exact failure fixture.,"Existing canonical owners exist, but the named failure contract and escalation rule are not yet first-class.",fixture://failure/o/sound_without_visual_cause/v1,audio + actions + verification,true
failure://o/visual_event_without_sound/1,Visual event lacks required sound,lab/compiler audio/actions/beats; lab/verification AV anchors,partial,No CPCS repeated-seed provider/model/version distribution is recorded for this exact failure fixture.,"Existing canonical owners exist, but the named failure contract and escalation rule are not yet first-class.",fixture://failure/o/visual_event_without_sound/v1,audio + actions + verification,true
failure://o/speaker_voice_drift/1,Speaker or voice drift,lab/compiler audio/actions/beats; lab/verification AV anchors,partial,No CPCS repeated-seed provider/model/version distribution is recorded for this exact failure fixture.,"Existing canonical owners exist, but the named failure contract and escalation rule are not yet first-class.",fixture://failure/o/speaker_voice_drift/v1,audio + actions + verification,true
failure://o/music_action_accent_misalignment/1,Music or beat accent misalignment,lab/compiler audio/actions/beats; lab/verification AV anchors,partial,No CPCS repeated-seed provider/model/version distribution is recorded for this exact failure fixture.,"Existing canonical owners exist, but the named failure contract and escalation rule are not yet first-class.",fixture://failure/o/music_action_accent_misalignment/v1,audio + actions + verification,true
failure://p/vlm_misses_fast_action/1,VLM misses or reorders fast action,lab/verification; lab/second_brain immutable evidence and human calibration,partial,No CPCS repeated-seed provider/model/version distribution is recorded for this exact failure fixture.,Failure-specific evaluator arbitration and calibration policy are not yet complete.,fixture://failure/p/vlm_misses_fast_action/v1,verification + immutable evidence + human calibration,true
failure://p/vlm_invents_contact/1,VLM invents contact from screen overlap,lab/verification; lab/second_brain immutable evidence and human calibration,partial,No CPCS repeated-seed provider/model/version distribution is recorded for this exact failure fixture.,Failure-specific evaluator arbitration and calibration policy are not yet complete.,fixture://failure/p/vlm_invents_contact/v1,verification + immutable evidence + human calibration,true
failure://p/tracker_identity_swap/1,Tracker or segmenter swaps actor identity,lab/verification; lab/second_brain immutable evidence and human calibration,partial,No CPCS repeated-seed provider/model/version distribution is recorded for this exact failure fixture.,Failure-specific evaluator arbitration and calibration policy are not yet complete.,fixture://failure/p/tracker_identity_swap/v1,verification + immutable evidence + human calibration,true
failure://p/shot_detector_flash_false_positive/1,Shot detector mistakes flash or smear for cut,lab/verification; lab/second_brain immutable evidence and human calibration,partial,No CPCS repeated-seed provider/model/version distribution is recorded for this exact failure fixture.,Failure-specific evaluator arbitration and calibration policy are not yet complete.,fixture://failure/p/shot_detector_flash_false_positive/v1,verification + immutable evidence + human calibration,true
failure://p/pose_metric_stylization_failure/1,Pose/anatomy metric fails on anime or stylization,lab/verification; lab/second_brain immutable evidence and human calibration,partial,No CPCS repeated-seed provider/model/version distribution is recorded for this exact failure fixture.,Failure-specific evaluator arbitration and calibration policy are not yet complete.,fixture://failure/p/pose_metric_stylization_failure/v1,verification + immutable evidence + human calibration,true
failure://p/aggregate_metric_hides_local_failure/1,Aggregate score hides a decisive localized failure,lab/verification; lab/second_brain immutable evidence and human calibration,partial,No CPCS repeated-seed provider/model/version distribution is recorded for this exact failure fixture.,Failure-specific evaluator arbitration and calibration policy are not yet complete.,fixture://failure/p/aggregate_metric_hides_local_failure/v1,verification + immutable evidence + human calibration,true
